,id,Gender
0,00117553,['M']
1,00118265,['M']
2,00117858,['F']
3,00116622,['M']
4,00116270,['F']
5,00127515,['F']
6,00150306,['M']
7,00117422,['F']
8,00117541,['M']
9,00152906,['F']
10,00118171,['F']
11,00135610,['F']
12,00117435,['F']
13,00118263,['M']
14,00115257,['F']
15,00118506,['M']
16,00117835,['F']
17,00117558,['F']
18,00119804,['F']
19,00124316,['F']
20,00115273,['M']
21,00117468,['M']
22,00148451,['F']
23,00117560,['F']
24,00117561,['M']
25,00116672,['M']
26,00131340,['F']
27,00117916,['M']
28,00123726,['M']
29,00117562,['F']
30,00118471,['F']
31,00118147,['F']
32,00117122,['F']
33,00117563,['F']
34,00125558,['M']
35,00118502,['F']
36,00141419,['F']
37,00116062,['F']
38,00143681,['F']
39,00118798,['F']
40,00113361,['M']
41,00116744,['F']
42,00146702,['F']
43,00117665,['F']
44,00118247,['F']
45,00118503,['F']
46,00118019,['F']
47,00127392,['F']
48,00117424,['F']
49,00117582,['F']
50,00127172,['M']
51,00134673,['M']
52,00122317,['F']
53,00120456,['F']
54,00118031,['M']
55,00117483,['F']
56,00119553,['F']
57,00117464,['F']
58,00120503,['F']
59,00140852,['F']
60,00115360,['M']
61,00117692,['F']
62,00155847,['M']
63,00127512,['M']
64,00117585,['M']
65,00117897,['M']
66,00123065,['M']
67,00126850,['F']
68,00118782,['F']
69,00117512,['F']
70,00145447,['F']
71,00117861,['F']
72,00122926,['M']
73,00117761,['F']
74,00122794,['M']
75,00117419,['F']
76,00143862,['F']
77,00117917,['F']
78,00139896,['M']
79,00117646,['F']
80,00131475,['F']
81,00117599,['F']
82,00118223,['F']
83,00118224,['F']
84,00117465,['F']
85,00148751,['F']
86,00116757,['M']
87,00122019,['M']
88,00123629,['M']
89,00122952,['F']
90,00123118,['F']
91,00128797,['F']
92,00128218,['M']
93,00118374,['M']
94,00119257,['M']
95,00117848,['F']
96,00117824,['M']
97,00115457,['M']
98,00136556,['F']
99,00124809,['M']
100,00118186,['M']
101,00117522,['F']
102,00117684,['M']
103,00122134,['F']
104,00126769,['M']
105,00126653,['M']
106,00122871,['M']
107,00117875,['F']
108,00116646,['F']
109,00143054,['M']
110,00122097,['F']
111,00117976,['F']
112,00116412,['F']
113,00122140,['F']
114,00137955,['M']
115,00117619,['M']
116,00123030,['M']
117,00117617,['M']
118,00117674,['F']
119,00117725,['M']
120,00118500,['F']
121,00117622,['F']
122,00142855,['M']
123,00122869,['F']
124,00134904,['F']
125,00122968,['M']
126,00122955,['M']
127,00117634,['M']
128,00145265,['F']
129,00118078,['F']
130,00121869,['F']
131,00117912,['F']
132,00117487,['F']
133,00119424,['F']
134,00126101,['F']
135,00117783,['M']
136,00117495,['F']
137,00117810,['F']
138,00117676,['M']
139,00122094,['M']
140,00117442,['F']
141,00117497,['F']
142,00118195,['F']
143,00124368,['M']
144,00126842,['M']
145,00126844,['M']
146,00118254,['M']
147,00117639,['F']
148,00117915,['F']
149,00117831,['F']
150,00118955,['M']
151,00117918,['F']
152,00123192,['M']
153,00138653,['F']
154,00117723,['M']
155,00119770,['M']
156,00127186,['F']
157,00121404,['M']
158,00121104,['F']
159,00117819,['F']
160,00118253,['F']
161,00118000,['M']
162,00127006,['F']
163,00122361,['F']
164,00117806,['M']
165,00117441,['F']
166,00117502,['F']
167,00127657,['F']
168,00117485,['M']
169,00122902,['M']
170,00117548,['F']
171,00117817,['F']
172,00117759,['F']
173,00126590,['F']
174,00118725,['F']
175,00126534,['F']
176,00118024,['F']
177,00115841,['F']
178,00122963,['F']
179,00120166,['F']
180,00128507,['M']
181,00117651,['M']
182,00117670,['F']
183,00117503,['F']
184,00116449,['M']
185,00118359,['M']
186,00128772,['M']
187,00118889,['M']
188,00118168,['F']
189,00117452,['M']
190,00118681,['F']
191,00117514,['F']
192,00121102,['M']
193,00117765,['F']
194,00131183,['F']
195,00116507,['F']
196,00118150,['F']
197,00145284,['F']
198,00115598,['M']
199,00134689,['F']
200,00132613,['F']
201,00140983,['F']
202,00117746,['F']
203,00117707,['F']
204,00117431,['F']
205,00118005,['F']
206,00117704,['M']
207,00118251,['M']
208,00118812,['F']
209,00117454,['F']
210,00117149,['F']
211,00117505,['F']
212,00117739,['F']
213,00118015,['M']
214,00117318,['M']
215,00115686,['F']
216,00117524,['F']
217,00122906,['M']
